"roadSize","beds","bathrooms","builtOn","landArea","price","location"
,"5","6",,"48 Anna",300000000,"Kathmandu, Golfutar Height"
,"6","4",,"8 Anna",50000000,"Kathmandu, Sukedhara"
,"8","4","2075","3 Anna 2 Paisa","21000000","Kathmandu, Swoyambhu"
,"5","5",,"26 Anna","150000000","Kathmandu, chundevi"
"16","7","8","2077","5 Anna 2 Paisa","52500000","Kathmandu,Tahachal"
,"4","3",,"4 Anna 2 Paisa","30000000","Kathmandu,Kalanki, LRI School Area"
,"5","4","2077","4 Anna 2 Paisa","30000000","Kathmandu, Raniban"
,,,,,"21000000","Kathmandhu, Tarkeshwor, Jarankhu"
,"4","4","2076","4 Anna 2 Paisa","26000000","Kathmandu, Sitapiala"
,"3","3",,,"30000000","Kathmandu, Bhatbhateni, Naxal"
,"4","2","2072","4 Anna 3 Paisa","16000000","Kathmandu, Syuchatar"
,"6","6",,"2 Ropani","350000","Kathmandu, Maharajgung"
,"6","5",,"17 Anna",200000,"Kathmandu, Naxal, Hadigaun"
,"5","3","2077","6 Anna 1 Paisa",50000000,"Kathmandu, Sano Bharayang"
,"5","5",,"5 Ropani",600000,"Kathmandu, Chapalkarkhana"
,"5","4","2075","८ आना",48000000,"Kathmandu, Budhanilkantha, Hepali Heights"
"13","6","5","2075","5 Anna 1 Paisa 1 Dam","31500000","Kathmandu, Sitapaila"
,"6","3","2074","4 Anna","25000000","Kathmandu, Dhapasi,"
,"5","4","2075","4 Anna 1 Paisa","34000000","Kathmandu, Sano Bhanrayang"
,"5","3",,"4 Anna 2 Paisa 2 Dam","27000000","Kathmandu, Chauni"
,"5","3","2077","4 Anna 2 Paisa","30000000","Kathmandu, Raniban, Tinghare"
,"5","4","2077","3 Anna 2 Paisa 2 Dam","18000000","Kathmandu, Satungal, Balambu"
,"5","4","2077","3 Anna 2 Paisa 2 Dam","18000000","Kathmandu, Satungal, Balambu"
,"4","3","2077","3 ANNA","16500000","Kathmandu, Thankot"
,"2","3","2077","3 ANNA","14000000","Kathmandu, Thankot, Om Basti"
,"4","3","2077","4 Anna 1 Paisa","26000000","Kathmandu, Halchowk, Pachdhara"
"13","5","3","2075","4 Anna","34000000","Kathmandu, Swoyambhu, Kimdol, Thado Bharayang"
"16","7","9","2077","5 Anna 2 Paisa","55000000","Kathmandu,Tahachal"
,"6","4","2077","4 Anna 1 Paisa","23000000","Kathmandu, Mahankal , Ramkot"
,"6","3","2074","4 Anna 1 Paisa","24000000","Kathmandu, Sitapaila"
,"5","3","2061","4 Anna 3 Dam","40000000","kathmandu,dallu"
,"5","5",,"21 Anna","105000000","Kathmandu, Budhanilkantha"
,"5","4","2075","6 Anna","45000000","Kathmandu, Budhanikantha-5"
,"5","5","2069","27 Anna","120000000","Narayanthan, Budhanilkantha"
,"5","5","2074","20 Anna","100000000","Kathmandu, Budhanilkantha"
,"4","4","2074","3 Anna 2 Paisa","30000000","Kathmandu, Sano Bhanrayang"
,"4","4","2077","7 Anna 2 Paisa","55000000","Kathmandu, Budhanilkantha-1"
,"14","10",,"12 Anna","90000000","Kathmandu, Gongabu, SIdditole"
,"11","5","2065","11 Anna","185000000","Kathmandu, Boudha"
,"5","4",,"4 Anna 2 Paisa","36000000","Kathmandu, Halchowk, Pachdhara"
"14","9","9","2074","26 ANNA",400000,"Lalitpur, Khumaltar"
"20","4","5",,"11 Anna",70000000,"Kathmandu,Banasthali"
"13","6","5","2075","5 Anna 1 Paisa","36500000","Kathmandu, Nepaltar, Tusal"
,"4","3","2077","4 Anna","18500000","Kathmandu, Dahachowk"
,"5","4","2077","7 Anna 2 Paisa","55000000","Kathmandu, Budhanilkantha"
,"6","5","2077","4 Anna 2 Paisa","31500000","Kathmandu, Sano Bhanrayang"
,"4","7","2076","1 Ropani","70000000","Kathmandu, Budhanilkantha"
,"4","4","2077","3 Anna 1 Paisa","27000000","Kathmandu, Sano Bhanrayang"
,"3","3","2077","3 Anna 2 Paisa","28000000","Kathmandu, Sitapaila"
"16","5","3","2077","3 ANNA","23000000","Kathmandu, Sitapaila"
,"4","4",,"5 Anna 2 Paisa 2 Dam","36500000","Lalitpur, Kusunti Area"
,"6","6",,"17.2 Anna","250000","Kathmandu, Budhanikantha, Siddhartha Colony"
"13","6","4","2078 B.S","4 Anna","27000000","Kathmandu, Tokha, Dhaneshwor Height"
"16","4","4","2078 B.S","3 Anna 1 Paisa","37000000","Kathmandu, Grande, Futsal"
"13","6","4","2078 B.S","4 Anna","35000000","Lalitpur, Khumaltar"
"16","6","3","2072","3 Anna 2 Paisa","25000000","Lalitpur. Khumaltar"
"20","4","1","2069","6 Anna","16000000","Lalitpur, Jharuwarasi"
"10","6","3","2078 B.S","3 ANNA","35000000","Kathmandu, Bafal"
"12","5","3","2078 B.S","0.3.1.2","27500000","Kathmandu, Ichangunarayan, Rai chowk"
"10","6","3","2076","4 Anna","33000000","Kathmandu, Sitapaila, Bafal"
"13","6","3","2064","10 Anna","170000","Kathmandu, Pani Pokhari"
"15","5","5","2075","4 Anna 2 Paisa 2 Dam",750000000,"Kathmandu, Kapan"
"18","7","4","2071","5 Anna","23000000","Kathmandu, Tarkeshwor, Basantacolony"
"14","8","5","2071","10 Anna",50000000,"Kathmandu, Sano Bharayang"
"22","4","5","2078 B.S","5 Anna","26000000","Kathmandu, Hatigauda"
"13","4","4","2077 B.S","4 Anna","25500000","Kathmandu, Chandagiri, Gokul Party"
"14","5","2","2070 B.S","4 Anna","22000000","Kathmandu, Syuchatar"
"13","5","4","2078 B.S","5 Anna","37500000","Kathmandu, Budhanilkantha, Wasik"
"12","5","3","2078 B.S","3 Anna 1 Dam","18500000","Kathmandu, Raamkot"
"12","6","4","2076","2 Anna 3 Paisa","25000000","Kathmandu, Swoyambhu, Kimdol"
"13","6","3","2078 B..S","3.1 anna","25000000","Kathmandu, Sano Bhanrayang"
"20",,,,,"3500000","Kathmandu, Sitapaila, Taukhel"
"18","4","4","2077 B.S","3 Anna 3 Paisa","28500000","Lalitpur, Nakhipot"
"4","2","1",,,"20000","Kathmandu, Thulo Bharayang"
"13","8","3","2075","4 Anna 2 Paisa","23500000","Kathmandu, Gairgaun"
"16","3","3","2077","3 ANNA","22500000","Kathmandu, Tokha, Suryadarshan Height"
"13","7","5","2078 B..S","4 Anna","46500000","Kathmandu, Dallu"
"10","7","4",,"4.5 anna","22000000","Kathmandu, Syuchatar"
"13","6","4","2078 B..S","4 Anna","40000000","kathmandu, dallu"
"16","7","5","2074 B.S","3.2 Anna","29000000","Kathmandu, Banglamukhi, Sitapaila"
"14","4","3","2074 B.S","3.2 Anna","27500000","Rumba chowk, Sano bharyang, Kathmandu"
"12","4","3","2074 B.S","3 Anna","20000000","Kathmandu, Nagarjung, Raniban"
"18","5","5","2075 B.S","5.5 Anna","62000000","Kathmandu, Raniban"
"16","7","3","2078 B.S.","4.1 Anna","36000000","Kathmandu, Sano bharyang"
"13","4","3","2078 B..S","3.3 Anna","30000000","Lalitpur, Magargaun"
"13","3","3","2078 B.S","3 ANNA","30000000","Kathmandu, Raniban, Yekaltar"
"22","5","5","2078 B.S.","5 Anna","47500000","Kathmandu, Raniban"
"22","7","5","2078 B.S","7 Aana","30000000","Kathmandu,Hatti Gauda"
"10","6","3","2078 B..S","4.1.2 Anna","18500000","Kathmandu, Lolang, Aryatar"
"13","4","3","2078 B..S","3 Anna","28000000","Kathmandu, Thulo-bharyang, Halchowk"
"13",,"3",,"26 Anna","3500","Kathmandu, Balwatar."
"10","5","4","2078 B..S","3.2 Anna","32500000","Kathmandu, Thulo Bharayang"
"26","6","4","2074 B.S","0.4.0.2 Anna","30500000","Kathmandu, Ramkot"
"20","6","4","2078 B..S","3.2 Anna","36000000","Kathmandu, Tarkeshwor, Sangam Tole"
"13","4","4","2077 B.S","3 Anna","26000000","Kathmandu, Sitapaila, Adeshwor"
"15","5","4","2068 B.S","4 Anna","26500000","Kathmandu, Sitapaila, Adeshwor"
"16","8","5","2077 B..S","5 Anna","43000000","Kathmandu, Sano bharyang"
"16","6","6","2078 B..S","4 Anna","30500000","Kathmandu, Sitapaila, Adeshwor"
"14","7","5","2078 B..S","0-8-2-0",750000000,"Kathmandu, Golfutar"
"13","7","3","2074 B.S","3.2.2 Anna","23500000","Kathmandu, Sitapaila, Banglamukhi"
"16","5","5","2072 B.S.","7.2 Anna",50000000,"Kathmandu, Sitapaila"
"16","4","4","2073 B.S","5 Anna","37500000","Kathmandu, Sitapaila"
"13","4","3","2078 B.S.","3.3.3 AANA","24000000","Kathmandu, Ramkot, Nagarjung-6"
"13","4","3","2078 B..S","3 Anna","29500000","Kathmandu, Dallu"
"13","4","5","2065 B.s","20 Anna","125000000","Kathmandu, Budhanilkantha, Bhangal"
"22","6","5","2076 B.S","4.5 anna","33500000","Kathmandu, Sita-paila"
"20","6","4","2078 B.S.","0.4.2.1",250000000,"Kathmandu, Raniban, Radha Krishna"
"20","3","3","2077 B.S","4.3 Anna",250000000,"Kathmandu,Raniban, Kharibot"
"13","5","4","2078 B..S","3.5 anna","29000000","Kathmandu, Sitapaila-5"
"13","5","3","2078 B..S","4 Anna","28500000","Kathmandu, Bafal"
"13","3","3","2074 B.S","11 Anna","110000","Kathmandu, Budhanilkantha, Yekatabasti"
"20",,,"2078 B..S","5.2 anna",,"Kathmandu,  Aakase Dhara"
"12","5","3","2078 B..S","3 Anna","28500000","Kathmandu, Bafal"
"25",,,,"1 Ropani","250000","Kathmandu, Putalisadak"
"16","6","3","2079 B.S.","3 Anna","22000000","Kathmandu, Sitapaila"
"20","6","4","2045 B.S","13.2 Anna","120000","Lalitpur, Khumaltar Heights"
"20","5","3","2056 B.S.","27 Anna",300000,"Kathmandu, Ravibhawan"
"13","6","3","2078 B..S","3 Anna","20500000","Kathmndu, Nagarjung-8"
"16","4","2","2078 B..S","0.2.2.2",80000000,"Kathmandu, Nagarjung, Towkhel"
"13",,,,"3-5 Anna",3500000,"Kathmandu, Sitapaila-5,Sankata"
"13",,,,"3-8 Anna",2400000,"Kathmandu,Nagajung-7, Bhimdhunga"
"13","4","3","2078 B..S","0.5.2.1","39000000","Lalitpur, Nakhu"
"16","5","5","2070 B.S","9 Anna",200000000,"Kathmandu, Sitapaila Mandir"
"13","9","4","2063 B.S","6 Anna","47000000","Kathmandu, Nagarjung-3, Ekdhara"
"13","4","3","2074 B.S","4 Anna","35000","Kathmandu, Swoyambhu,Panidhara"
"10","6","4","2061 B.S.","8 Anna","60000000","Lalitpur, Bhaisepati, Sainbu"
"13","4","3","2058 B.S","22 Anna","150000","Thapathali, Kathmandu"
"13","4","4","2074 B.S","17 Anna","300000","Kathmandu, Sanepa"
"20","4","5",,"18 Annas","230000","Lalitpur, Sanepa"
"14","4","5","2079 B.S.","3.3 ANna","37500000","Lalitpur, Bhaisepati"
"13","5","3","2079 B..S","3 Anna 1 Dam","28500000","Lalitpur, Imadol, Cozy Homes"
"16","5","5",,"14 Anna","250000","Lalitpur, Sanepa"
"16","5","5","2077 B.S","8 Anna","6","Kathmandu, Sitapaila"
"13","5","4",,"12 Anna",500000,"Kathmandu, Maharajgung"
"13","8","4","2079 B.S.","3 Anna","31000000","Kathmandu, Nagarjung-3, Buddha Chowk"
"13","4","4","2079 B..S","2.2 Anna","27500000","Karhmandu, Nagarjung-2"
"13","5","5","2079 B.S","3.1 Anna","29000000","Lalitpur, Bhaisepati, Nakhu"
"12","11","5","2078","4.5 anna","35000000","Narayntar gokarneswhor municipality"
"13","4","3","2078 B..S","2.3 Anna",,"Lalitpur, Hattiban"
"13","14","6","2069","12 aanaa","29000000","Godamchaur, Lalitpur"
"13","4","4","2078 B..S","3 Anna","22500000","Kathmandu,Sano Bharayang"
"20","4","3","2079 B.S.","3.2 / 3 Anna","30000000","Kathmandu,Raniban"
"16","5","6","2066 B.S","3 Ropani",,"Kathmandu, Sitapaila"
"13","5","3","2078 B..S","3.2 Anna","28500000","Kathmandu, Sitapaila"
"16","5","4","2063 B.S","9 Anna","55000000","Saranpur, Sitapaila, Kathmandu"
"20","4","4","2065 B.S.","4.2 Anna","40000000","Kathmandu, Bafal"
"22","7","5","2055 B.S","7 Aana","75000000","Kathmandu,Kuleshwor"
"13","6","5","2078 B.S.","5.1 Anna","27000000","Kathmandu, Chandagiri, Khahare"
"12","4","3",,"3 Anna","30000000","KATHMANDU, BAFAL"
"16","7","3",,"2.3 Anna","26500000","KATHMANDU, CHAMATI"
"13","6","5","2075 B.S","5 Anna","39800000","KATHMANDU, SANOBHARYANG"
"13","5","3",,"5 ANNA 3 PAISA","34000000","LALITPUR, HATTIBAN"
"10","5","4",,"4 Anna 2 Daam","32000000","BHAKTAPUR, KAUSHALTAR"
"13","5","4","2079 B.S.","4 Anna","39500000","Kathmandu, Syuchatar"
"13","6","3",,"3 Anna 3 paisa","28500000","Kathmandu, Sitapaila"
"13","6","3",,"3 Anna 1 Paisa 2 Dam","26000000","Kathmandu, Sitapaila"
"14","5","2","2079 B.S.","2.3 Anna","30000000","Kathmandu, Sano-Bharyang"
"10","5","4","2079 B.S.","3 Anna","19500000","Satungal, Kathmandu"
"10","5","3",,"2.3 Anna","18500000","Satungal, Kathmandu"
"13","11","5",,"8 Anna 1 paisa","46500000","Naicap, Kathmandu"
,,,"call us","7 dhur",,"BIRATNAGAR RADHAKRISHNA MANDIR EAST"
"14","4","4","2079 B.S.","3.5 Anna","28500000","Kathmandu, Sitapaila"
"13","3",,"2079 B.S.","5.5 Anna","35","Kathmandu,Bafal,Tahachal"
"14","4","4","2079 B.S.","3.5 - 4 Anna","3","Kathmandu,Bafal,Tahachal"
"12","12","5","2074 B.S","5 Anna","47000000","Kathmandu, Dallu"
"6",,,"call us","5.5 dhur",,"BIRATNAGAR TRIMURTI CHOWK"
"13","4","3","2078 B..S","0.2.3.0 Anna","25500000","Kathmandu,Nagarjung, Sano bharayang"
"13","6","4","2079 B.S.","03.0.01","32000000","Kathmandu, Nagarjung, Sano Bharayang"
"13","6","3",,"4 Anna","26500000","KATHMANDU, CHANDRAGIRI"
"13","6","3","2078 B..S","0.5.0.1 Anna","23500000","KATHMANDU, CHANDRAGIRI"
"20","7","1","call us","3 KATTHA","150000","BIRATNAGAR 02 TINPAINI EAST"
"20","8","2","call us","10 dhur","18000000","BIRATNAGAR 02 WEST OF EAST OF TINPAINI"
"13","6","5","2079","0.3.2.1","275","Imadol 4 bojepokhari lalitpur nepal"
"13","7","7","2079 B.S.","5 Anna","38000000","Kathmandu, Bhaisepati"
"13","8","5","2065 B.S","0.4.2.0","39000000","Kathmandu, Sitapaila-15"
"22",,"2",,"3 Paisa","15500000","KATHMANDU, LAZIMPAT"
"8","3","1",,"5.3 Anna",8400000,"KATHMANDU, BANESHWOR"
"20","4","2",,"3 Anna","130000","LALITPUR,THADODHUNGA, JHAMSKHEL"
"13","3","2","2072 B.S","2.2 Anna","14500000","Kathmandu, Budhanilkantha, Chyasindol"
"14","2","2","2079 B.S","14 Anna","127500000","Kathmandu, Dhapasi Height"
"13","5","3","2079 B.S.","3 Anna","21500000","Lalitpur, Hattiban"
"8","9","3","2048 B.S","7 Anna","65000000","Kathmandu, Sorakhutee, Kaldhara"
"20",,,,"32 Anna",1000000,"NAXAL, KATHMANDU"
"14","4","3","2061 B.S","17 anna","100000","Kathmandu, Sitapaila"
"16","4","5","2073 B.s","4 Anna","33500000","Kathmandu, Swoyambhu, Karkhana chowk"
"14","7","5","2073 B.S","5.5a","90000","Kathmandu, Sitapaila"
"13","4","1",,,"30000000","KATHMANDU, NAGARJUNG, RANIBAN"
"14",,,,,300000,"KATHMANDU, KALANKI"
"10","9","4",,"6.1.9 Anna","38500000","KATHMANDU, SITAPAILA"
"16","2","1",,,,"KALANKI, KATHMANDU"
"13","5","3",,"3 Anna","27500000","IMADOL, LALITPUR"
"13","6","5",,"3 Anna","27500000","LALITPUR, IMADOL"
"13","7","7",,"5 Anna","34500000","LALITPUR, IMADOL"
"20","5","2",,"4.2 Anna","49000000","KATHMANDU, SANOBHARYANG"
"20","5","3",,"2.5 Anna","27000000","KATHMANDU, CHAMATI"
"7","12","4","2064 B.S","2.3 Anna","25000000","KATHMANDU, SORAKHUTTE"
"13",,,,"0-12-3-2",3000000,"Kathmandu, Tarkeshwor, Lolang"
"14","6","7",,"10.1.2 Anna","60000000","KATHMANDU, NAGARJUNG, RANIBAN"
"13","7","6","2079 B.S","0.4.1.1 Anna","41500000","Kathmandu, Thulo Bharayang"
"13","8","5",,"8 Anna","42000000","Kathmandu / Sitapaila / Milan Tole"
"13","6","3",,"3 Anna","31500000","KATHMANDU / NAGARJUNG / SANOBHARYANG"
"13","5","3",,"3 Anna","26500000","KATHMANDU, RADHA KRISHNA"
"20","4","4","2079 B.S.","7 Aana",,"Lalitpur, Thaiba"
"13","6","5","2074 B.S.","0.5.2.0","37500000","Kathmandu, Sano Bhanrayang"
"12",,,,"2 Anna 3 Paisa 2 Dam","22500000","KATHMANDU,BUDDHA CHOWK, GANESH CHOWK"
"22",,,,"7 Aana",6000000,"KATHMANDU / RANIBAN / TINGHARE"
"13","5","4","2076 B.S","3.1 Anna","26000000","Kathmandu, Sano bharayang"
"20","8","3","2079 B.S.","2.5 Anna","29500000","KATHMANDU, CHAMATI"
"10","3","3","2079 B.S.","2.2 Anna","22500000","Kathmandu, Sitapaila"
"16","5","4",,"4 Anna","45000","Kathmandu, Sitapaila"
"13","4","4",,"21.3 Anna","8000000","Kathmandu, Kalimati,Tankeshwor"
"16","9","6","2074 B.S","0-7-2-0",20000000,"Kathmandu, Ramkot, Padma Colony"
"12","6","3",,"2.2 Anna","24500000","Kathmandu, Gongabu"
"13","5","4",,"6 Anna","68000000","Lalitpur/ Sangam Basti"
"13","7","5",,"4 Anna","45000000","Kathmandu, Bansbari"
"16","11","7",,"16 Anna","80000000","Kathmandu, Budhanilkantha, Golfutar, Bansbari"
"12","7","4",,"0.3.0.1 Anna","29900000","Kathmandu/ Nagarjung/ Sanobharyang"
"13","8","4",,"3.3.2 Anna","37500000","Kathmandu, Nagarjung, Halchowk"
"14","5","3",,"3 Anna","325000000","Kathmandu, Nagarjung, Bafal"
"20","4","3",,"3.2 Anna","28500000","Kathmandu, Dallu"
"13","6","4","2079 B.S","4.1 Aana","25500000","Kathmandu,Towkhel"
"13","5","6","2079 B.S.","5.3aana","61500000","Kathmandu, Kimdol"
,,,,,40000000,"Kathmandu, Dallu"
"16",,,"2073",,"38500000","Kathmandu, Sitapaila"
"20","19","3","2078 B.S.","3.2 Anna","36000000","KATHMANDU, SANOBHARYANG"
"8","3","2","2078 B..S","2.5","31000000","Sukedhara , Kathmandu"
"16","8",,,"4.2 Anna","100000","Kathmandu, Dallu"
"13","6","4","2079 B.S.","4 Anna","28500000","KATHMANDU, BAFAL"
"20","7","5","2078 B..S","3.1 Anna","34000000","Kathmandu, Chamati"
"18","7","5","2079 B.S","6 Anna","55000000","Kathmandu, Sitapaila"
"13","6","7","2078 B..S","7 Anna","42500000","Kathmandu, Sitapaila"
"20","4","4","1990","6 aana","7000000","Swayambhu, Kathmandu"
"13","8","3","2079 B.S.","4.5 Anna","18500000","Kathmandu, Thankot"
"13","3","1","2079 B.S.","3.1 Anna","11500000","Kathmandu, Thankot"
"13","7","4","2079 B.S.","3.5 Anna","17000000","Kathmandu, Thankot"
"13","5","3","2079 B.S.","3 Anna","33000000","Kathmandu, Dhungedhara"
"12","6","3","2072 B.S.","3.5 Aana","31000000","Kathmandu ,Sanobharyang"
"20","16","16","2079","10-12 dhur","21500000","Purwanchal Campus Football Ground, Panmara Road, LANGHALI CHOK, Dharan, Dharan Sub-Metropolitan, Dharan, Sunsari, Koshi Province, 56100, Nepal"
"14","5","3","2079 B.S.","3.1 Aana","23500000","Kathmandu, Sitapaila,Syuchatar"
"13","5","5","2059 B..S","14.5 Aana","120000000","Kathmandu,Budhanilkanta,Italitar"
"13","6","4","2078 B..S","3.2 Anna",500000000,"Kathmandu,Bafal"
"13","5","3","2078 B..S","0.3.5.0","29500000","LALITPUR, IMADOL,TEMPO PARK"
"16","4","4","2078 B.S.","3 ANNA","30000000","Kathmandu,Sitapaila"
"12","6","3","2073 B.S","6 Anna","60000000","Kathmandu, Baniyatar"
"13","4","2","2076B.S","0.4.2.5 Anna",500000000,"Lalitpur,Sainbu"
"18","11","9","2058 B.S","12 Anna","160000000","Lalitpur,Bhaisepati"
"10","6","3","2079 B.S","0.3.2.5 ANNA","28000000","Kathmandu,Sitapaila"
"16","6","3","2075 B.S","3.2 Anna","2","Kathmandu, Ramkot"
"13","6","3","2079 B.S","0.4.2.0 Anna","3","Swoyambhu , Karkhana Chowk"
"13","6","3","2078 B..S","0.2.5.0 Anna","22000000","Kathmandu, Sitapaila, Towkhel"
"10","4","3","2074 B.S.","2.5 Anna","20000000","Kathmandu, Sitapaila"
"12","6","5","2077 B.S","4.5 Anna","27500000","Sitapaila,Civil Home"
"14","4","3","2078 B.S.","0.3.3.3",30000000,"Sitapaila , Banglamukhi Mandir"
"13","8","3","2072 B..S","3 Anna","1","Kathmandu, Thankot"
"13","4","4","2015","9.25","73500000","loktantrik chowk,Manamaiju,Kathmandu"
"12","4","3","2077 B.S","3 Anna","16500000","Kathmandu, Thankot"
"10","4","7","2072 BS","4 anna","88000","Dhapakhel Height, Lalitpur"
"8","5","4","2074 B.S","5 Anna","3","Lalitpur, Godawari,Thecho"
"20","7","3","2079 B.S.","3.1 Anna",50000000,"Imadol,Naya Basti"
"20","4","3","2074 B.S","8.5 Anna",80000000,"Kathmanu,Kirtipur"
"20","5","4","2079 B.S","3 ANNA","27500000","Imadol , Naya Basti"
"13","5","4","2079 B.S","3.1 ANNA",100000000,"Lalitpur, Sheetal Height"
"13","5","4","2079 B.S","3.1 ANNA",100000000,"Lalitpur,Sheetal Height"
"13","6","4","2078 B.S.","0.3.3.3 ANNA",950000000,"Lalitpur,Imadol,Tempo Park"
"13","6","7","2079 B.S","7.5 Aana","70000000","Kathmandu, Sitapaila"
"10","5","3","2071 B.S","4 Anna","22000000","Kathmandu,Sitapaila"
"13","4","3","2079 B.S","4 Anna",250000000,"Kathmandu, Balambu"
"12","6","3","2070 B.S","0-3-3-2 Anna","25000000","Kathmandu,Rai Chowk"
"13","5","5","2079 B.S.","0.3.2.2","2","Sitapaila,Thapa Chowk"
"14","5","3","2079 B.S.","3.5 Aana","2","Chandragiri,Balambu"
"13","5","5","2079 B.S.","4.5 Anna","3","Chandragiri,Tinthana"
"20","6","4","2079 B.S.","5 Aana","4","Kathmandu,Sanobharyang"
"13","4","4","2079 B.S.","0.3.3.0 Aana","2","Kathmandu,Sitapaila,Towkhel"
"16","5","5","2074 B.S","5 Anna","85000","Kathmandu, Sitapaila"
"20","4","4","2075 B.S.","8.5 Anna","110000","Kathmandu,Sitapaila"
,,,,,,"Kathmandu,Basantapur,Ektha"
"20","4","4","2023 AD","7.5 Ana",60300000,"Hepali Height - 7, Budhanilkantha"
"16","6","4","2080 B.S.","0.3.2.1 Aana","3","Imadol,Thasi Marg"
"13","6","4","2080 B.S.","3 Anna","2","Lalitpur,Imadol, Bojho Pokhari"
"14","5","3","2080 B.S","3 aana","25000000","LASUNTAR,KAPAN,KATHMANDU"
"13","5","3","2079 B.S.","3.2 Anna","2","Lalitpur,Tikathali"
"13","4","3","2080 B.S","3.3 Anna","2","Lalitpur,Tikathali"
"13","7","6","2080 B.S","4.1 Anna","4","Imadol,Tempo"
"13","5","4","2080 B.S.","3.3 Anna","3","Imadol,Tempo Park"
"10","6","3","2080 B..S","3 Anna","2","Imadol,Bhojho pokhari"
"13","6","4","2080 B.S","3.2.1.0","2","Lalitpur,Tikathali"
"13","5","5","2080 B..S","4.1 Anna","3","Lalitpur,Tikathali"
"20","7","6","2080 B..S","4.3.1.0 Anna","4","Imadol,Downtown"
"20","6","5","2080 B.S","4.1.3.0","4","Imadol,Downtown"
"20","6","5","2080 B.S","4.5 Anna","4","Imadol,Downtown"
"11","4","4","2080 B.S.","5 Aana","4","Kathmandu,Bafal"
"13","5","4","2068 B.S.","4 Aana","2","Kathmandu,Sitapaila"
"12","5","3","2069 B.S","4 Anna",850000000,"Kathmandu, chauni"
"12","5","4","2080 B.S","3 Anna","2","Sitapaila,Mahankal"
"12","5","3","2080 B.S","3 Anna","3","Kathmandu,Thulobharayang"
"20","6","5","2076 B.S","6 Anna","4","Sanobharayang,Yellow Gumba"
"13","5","4","2080 B.S","0.3.1.2 Anna","2","Imadol,Bojho Pokhari"
"13","5","3","2080 B.S","3.1.1Anna","2","Imadol,Bojho Pokhari"
"13","6","3","2080 B.S","0.3.0.1 Anna","2","Imadol,Bojho Pokhari"
"13","4","3","2080 B.S","3 Anna","2","Imadol,Bojho Pokhari"
"13","6","3","2080 B.S","3.3 Anna","2","Imadol,Bojho Pokhari"
"20","6","5","2077 B..S","6 Anna","4","Kathmandu, Sano bharayang"
"12","5","4","2074 B.S","4.1Anna","2","Sitapaila,Saranpur"
"13","4","3","2079 B.S.","4 Anna","2","Lalitpur,Tikathali"
"16","5","4","2065 B.S","29 Anna",50000000,"Kathmandu, Sitapaila"
"14","3",,,"3 Anna",250000000,"Kathmandu,Gurjudhara"
"26","12","4","2080 B.S","6 Anna","55000000","Kathmandu,Sano Bharayang"
"20","6","4","2075 B.S.","7 Aana",500000000,"Kathmandu, Thulo Bharayang,"
"10","12","9","2065 B.S","7 Anna","4","Kathmandu, Sano bharayang"
"20","4","4","2074 B.S","0.3.3.2","3","Kathmandu, Nagarjung, Ramkot"
"13","7","4","2079 B.S.","0.3.2.1 Aana",40000000,"Kathmandu, Kirtipur, Machhegaun"
"14","3","2","2074 B.s","4 Aana",900000000,"Kathmandu, Sitapaila"
"13","5","3","2080 B.S.","3.2 Aana","2","Kathmandu, Nagarjung, Ramkot"
"13","5","3","2079 B.S.","0.3.1.2 Aana","2","Kalanki,Near Arcade"
"13","6","6","2080 B.S.","0.4.1.0 Aana","3","Sitapaila,Syuchatar"
"13","5","4","2080 B.S.","0.3.0.0 Aana","2","Sitapaila,Syuchatar"
"14","2","3","2016","8 Aana","43500000","5 minutes drive from Kalanki Chowk, Kathmandu Municipality"
"13","6","5","2080 B.S","3 Anna",850000000,"Kathmandu,kalanki"
"13","5","4","2074 B.S.","5 Anna",500000000,"Thulobharayang,Budhha Chowk"
"20","5","5","2074 B.S","13 Anna",750000000,"KATHMANDU, SANOBHARYANG"
"16","3","3","2068","0-8-1-3","46000000","Civil Homes II Tinthana, Chandragiri"
"13",,"2","2079 B.S.","3 Anna",400000000,"Kathmandu, thulobharyang"
"3",,,"2075 B.S","3 Anna",300000000,"KATHMANDU, SANOBHARYANG"
"12","5","4","2073 B.S","8 Anna",300000000,"Kathmandu,Chhauni"
"14","4","3","2075 B.S","3 Anna",800000000,"Adeshwor temple"
"16","5","4","2080 B.S","4.1 Anna",800000000,"Thulobharyang, Ekdhara"
"14","4","4","2080 B.S","4.1 Anna",40000000,"Bhaisipati, Mantriquarter"
"20",,,"2080 B.S","4 Anna 2 Daam",750000000,"Kathmandu,Sano Bharayang"
"16","4","3","2075 B.S","3 Anna 1 Paisa",750000000,"Kathmandu, Sitapaila"
"13","4","3","2075 B.S","0.3.3.2",20000000,"Kathmandu, Sitapaila"
"14","6","3","2069 B.S","3 Anna",900000000,"Kathmandu, Thankot"
"13","3","1","2079 B.S.","0.3.2.2",400000000,"Kathmandu, Thankot"
"12","5","3","2077 B.S","3.1 Anna",27000000,"Kathmandu, Bafal"
"16","7","3",,"4.2 Anna",30000000,"Kathmandu, Sitapaila"
"10","5","4",,"4.2 Anna",250000000,"Kathmandu, Sitapaila"
"16","8","3","2079 B.S.","7 Anna",38000000,"Kathmandu, Swoyambhu"
"20","7","5","2078 B.S","0.3.2.2","31500000","Lalitpur, Dhapakhel"
"13","5","4","2074 B.S.","3.2 anna",300000000,"Kathmandu, Swoyambhu"
"14","4","3","2080 B.S","4 anna",50000000,"Kathmandu, Bhaisipati"
"21","5","3","2074 B.S.","5 Anna",250000000,"Kathmandu,Chhauni"
"16","5","2",,"3.5 Anna",30000000,"Lalitpur,Imadol"
"14","4","3","2076 B.S","3 Anna",200000000,"Kathmandu, Sano bharyang"
"13","5","3","2077 B.S","4 Anna",550000000,"Kathmandu, Swoyambhu"
"20","4","3","2076","5 aana",23000000,"Pokhara -14"
"22","6","3","2063 B.S","3 Anna","70000","Kathmandu, Bafal"
"20","-6","5","2079 B.S","(0.2.3.3) 2 Anna 3 Paisa 3 Dam","23500000","Dakshin Barahi,New Thimi,Bhaktapur, Nepal"
"14","8","8","2068 B.S","5 Anna",50000000,"Kathmandu,Balaju"
"13","5","3","2065 B.S.","5 Anna",200000000,"Kathmandu, Chandragiri"
"15","6","4","2073 B.S.","4 anna 2 paisa 2 daam",150000000,"Kathmandu, Imadol"
"13","6","5","2068 B.S","0.3.3.2",40000000,"Kathmandu, Chhauni"
"13","4","3","2070 B.S","3.2 Anna",850000000,"Kathmandu, Swoyambhu"
"13","5","2","2068 B.S","5 anna 1 paisa 3 daam",500000000,"Kathmandu, Soltido bato"
"18","7","6",,"3 Anna 2 Paisa","42000000","Kathmandu, Thulo Bharayang,"
"14","6","4",,"4 anna 2 daam","37500000","Kathmandu, Lalitpur"
"20","3","3","2080 B.S","3.1.2","23000000","Kathmandu, Ramkot"
"13","6","4",,"3 Anna 1 Paisa 2 daam","25000000","Kathmandu, Sitapaila"
"13","6","4","2074 B.S.","4.75","42000000","Kathmandu, Sano bharyang"
"12","6","4","2077 B.S","3.2 Anna","27500000","Kathmandu, Swoyambhu"
"15","5","4","2079 B.S.","5 anna 2 paisa 2 daam",750000000,"Kathmandu, Bijeshwori"
"13","9","4","2077 B.S","5 anna",300000000,"Kathmandu, Kuleshwor"
"13","6","4","2080 B.S","4.5 Anna","3","Kathmandu, Syuchatar"
"20","4","2","2070","2 aana","25000","Satdobato, Lalitpur"
"20","6","3","2079 B.S.","4 Anna",800000000,"Kathmandu, Tokha"
"20","4","5","2079 B.S.","3.2 Anna",22000000,"Kathmandu, Sitapaila"
"20","4","5","2070 B.S","4 Anna","50000000","Kathmandu, Koteshwor"
"10","7","5","2060 B.S.","11 Anna",110000000,"Kathmandu, Sanepa"
"10","5","4","2080 B.S","4 aana 3 paisa",500000000,"Kathmandu, Chhauni"
"13","7","5","2069 B.S","1 ropani",80000000,"Kathmandu, Manamaiju"
"12","5","5",,"3 Anna",750000000,"Lalitpur,Imadol"
"13","6","4",,"3 anna 1 paisa 3 daam",950000000,"Lalitpur,Imadol"
"13",,"5",,"3 aana 2 paisa",350000000,"Kathmandu, Imadol"
"15","6","3",,"13 ropanies",,"Kathmandu,Tarkeshwor"
"13","11","3",,"5.5 Anna",100000,"Kathmandu, Dallu Awas"
"14","5","3","2079 B.S.","3 Anna 1 Paisa","25000000","Kathmandu, Bafal"
"14","6","4","2080 B.S","4 Anna","32500000","Kathmandu, Sitapaila"
"15","4","4","2075 B..S","4 Anna 1 Paisa 2 Daam","42500000","Kathmandu, Swoyambhu"
"20","7","6","2080 B.S","4 anna 2 paisa",41500000,"Lalitpur,Imadol"
"13","8","8","2077 B.S","8 anna",44000000,"Kathmandu, Ramkot"
"10","13","9","2065 B.S","4 Anna 3 paisa",34500000,"Kathmandu, Sano bharayang"
"13","5","4","2079 B.S.","3 Anna 2 Paisa",30500000,"Lalitpur,Imadol"
"20","7","4","2080 B.S","3 Anna",28000000,"Lalitpur,Imadol"
"20","5","5","2080 B.S","3 Anna 2 Paisa",35500000,"Lalitpur,Imadol"
"23","6","4","2080 B.S","4 Anna",44500000,"Lalipur,Tikathali"
"13","4","4","2080 B.S","3 Anna",25200000,"Lalitpur,Imadol"
"13","6","4","2080 B.S","4 Anna 1 Paisa",42000000,"Imadol,Gauri Sankar"
"16","5","6",,"4 anna 2 paisa",600000000,"KATHMANDU, SANOBHARYANG"
"13","7","6","2079 B.S.","3 aana 3 daam",950000000,"Lalitpur,Imadol"
"13","6","5","2080 B.S","3 Anna 3 daam",210000000,"Lalitpur,Imadol"
"15","4","3","2070 B.S","17 ana",95000000,"Lalitpur,Bhaisipati"
"22","5","2","2074 B.S","3 Anna 2 Paisa",35000000,"Kathmandu, Sitapaila"
"12","4","4","2079 B.S.","4.5 Anna",43000000,"Lalitpur,Bhaisipati"
"16","5","3",,"8 aana 1 paisa",60000000,"Kathmandu,Budhanilkantha"
"12","6","4","2080 B.S","3 Anna 2 Paisa",32500000,"Kathmandu, Swoyambhu"
"20","6","6","2080 B.S","3 Anna 2 Paisa",37500000,"Kathmandu, Swoyambhu"
"13","9","7",,"10 aana",65000000,"Lalitpur,Satdobato"
"13","6","4","2080 B.S","4 Anna",33500000,"Lalitpur,Imadol"
"13","6","6","2080 B.S.","3 aana 2 paisa",29500000,"Lalitpur,Imadol"
"13","6","3","2080 B.S","3 Anna",26000000,"Lalitpur,Imadol"
"13","6","4","2080 B.S","2.75 Anna",23000000,"Lalitpur,Imadol"
"13","7","4","2080 B.S","3.2",31500000,"Lalitpur,Imadol"
"25","6","6","2075 B.S","15 aana",100000,"Bhaktapur,Suryabinayak"
"16","5","4","2070 B.S","2 aana 3 paisa",150000000,"Kathmandu, Sitapaila"
"13","5","5","2079 B.S.","5 aana 2 paisa 2 daam",30000000,"Kathmandu, Kavresthali"
"16","5","4","2073 B.S","4 Anna 1 Dam",40000000,"Kathmandu, Swoyambhu"
"13","5","5","2078 B.S.","4 aana 2 paisa 1 daam",600000000,"Chandragiri,Kathmandu"
"20","3","3","2080","3 Anna","65000","Suryabinayak, Bhaktapur"
"12","4","5","2078 B..S","5 Anna","80000","Kathmandu, Buddhanilkantha"
"20","9","7","2080 B.S","15 aana 2 paisa",200000,"Kathmandu,Koteshwor"
"24","7","4","2066 B.S","1 ropani 1 aana","2000","Kathmandu, Baneshwor"
"12","5","5",,"5 Anna 2 paisa",80000000,"Kathmandu, Swoyambhu"
"13","5","4","2080 B.S","2 aana 3 paisa",22500000,"Kathmandu,Budhanilkantha"
"13","5","4","2080 B.S","2 aana 3 paisa",22500000,"Kathmandu,Budhanilkantha"
"13","7","3","2080 B.S","4 Anna",27500000,"Kathmandu,Ramkot"
"13","6","5","2080 B.S","4 aana 1.5 daam",41500000,"Lalitpur,Imadole"
"20","5","6","2080 B.S","3 Anna 2 Paisa",33500000,"Lalitpur,Imadol"
"13","5","5","2080 B.S.","3 aana 1 daam",31000000,"Lalitpur,Imadol"
"18","5","4","2078 B..S",,100000,"Kathmandu, Sitapaila"
"13","5","4","2080 B.S.","4 Anna 1 Paisa",42500000,"Lalitpur,Imadol"
"13","5","4","2081 B.S.","3 aana 1 paisa 2 daam",33500000,"Lalitpur,Imadol"
"13","5","3","2081 B.S.","3 aana 1 paisa 2 daam",35500000,"Lalitpur,Imadol"
"14","7","8","2081 B.S.","5 Anna 1 paisa",650000000,"Lalitpur,Imadol"
"13","5","4","2080 B.S","3 Anna",26500000,"Kathmandu, Buddhanilkantha"
"20","7","5","2081 B.S.","5 ana 1 paisa",67000000,"Kathmandu, Buddhanilkantha"
"11","6","3","2080 B.S","3 ana",33000000,"Satdobato,Lalitpur"
"9","5","3","2065","4anna","35000000","Kalanki-14, Kathmandu"
"13","8","4","2078 B.S.","3.5 Anna",38000000,"Kathmandu, Sanobharyang"
"20","7","6","2080 B.S","5 Anna",57000000,"Lalitpur,Imadole"
"20","6","5","2080 B.S.","5 aana",49500000,"Lalitpur,Imadol"
"12","6","7","2074 B.S","6 Anna",38000000,"Kathmandu, Ramkot"
"13","5","3","2071","10 Anna","75000000","Bhaisepati Colony ,Bhaisepati Lalitpur"
"12","6","5","2081 B.S.","5 aana 1 paisa 3 daam",38000000,"Kathmandu,Chandragiri"
"22","7","5","2076 B.S.","8 aana",60000000,"Kathmandu, Raniban"
"13","6","5","2079 B.S.","8 aana 2 paisa",70000000,"Kathmandu, Raniban"
"12","6","3","2081 B.S","4 aana",19500000,"Kathmandu, Satungal"
"19","2","1","2004","1005.35","26000000","Dhobikhola, Maitidevi , Nepal"
"12","7","4","2081 B.S.","4 Anna","2","Kalanki, Maitrinagar"
"13","5","3","2081 B.S.","3 aana 1 daam",750000000,"Kathmandu, Syuchatar"
"16","5","6",,"4 aana",32500000,"Kathmandu, Sanobharyang"
"13","4","4","2080 B.S","3 aana",25000000,"Kathmandu,Raniban"
"20","7","5","2081 B.S.","3 aana 1 paisa",28000000,"Kathmandu,Gothatar"
"20","5","4","2081 B.S.","3 Anna 1 paisa",28000000,"Kathmandu, Gothatar"
"14","5","5","2081 B.S.","3 aana 2 daam",32500000,"Kathmandu,Koteshwor"
"12","4","5","2063 B.S","7 aana","70","Kathmandu, soaltee mode"
"16","6","3",,"7 aana",100000,"Kathmandu, Samakhusi"
"20","4","4","2080 B.S","4.5 Anna","45000000","KATHMANDU, SANOBHARYANG"
"12","5","4","2022","0-7-2-2","76000000","Dholahity, Nakhipot Lane"
"20","5","3","2057 B.S.","13 aana 2 paisa",95000000,"Kathmandu, Sitapaila"
"20","5","4","2071 B.S","5 Anna 2 paisa",100000,"Lalitpur,Bhaisipati"
"13","6","4","2073 B.S.","8 aana 3 paisa 3 daam",70000000,"Kathmandu, Sitapaila"
"20","8","5","2081 B.S.","6 aana",55000000,"Kathmandu,Budhanilkantha"
"13","5","3","2080 B.S.","2 aana 3 paisa",17500000,"Kathmandu, kalanki"
"15","7","5","2081 B.S.","3 aana 2 paisa",29000000,"Kathmandu,Kalanki"
"13","6","6","2081 B.S.","2 aana 2 paisa",21500000,"Kathmandu, Syuchatar"
"12","4","3","2080 B.S","3 aana 2 paisa 3 daam",28000000,"Kathmandu, Sitapaila"
"16","7","6","2081 B.S.","4 aana 1 paisa",42500000,"Lalitpur,Imadole"
"26","6","6","2081 B.S.","4 aana",44500000,"Lalitpur,Imadole"
"26","6","4","2081 B.S.","3.75 aana",30000000,"Lalitpur,Imadol"
"13","6","5","2080 B.S","3 aana",29500000,"Kathmandu, Halchowk"
"20","6","6","2081 B.S.","4 aana",46000000,"Kathmandu, Sanobharyang"
"12","5","2","2073 B.S","2 aana 2 paisa 3 daam",22500000,"Lalitpur,hattiban"
"13","5","3","2080 B.S","3.2 Anna","26000000","Kathmandu,Adeshwor"
"13","6","5","2081 B.S.","9 Anna","65000000","Kathmandu,Syuchatar"
"14","5","4","2081 B.S.","3.2 Anna","28000000","Kathmandu, Tokha, Sudarsan Height"
"12","4","4","2079 B.S.","3 Anna","40000000","Kathmandu, Bafal"
"20","4","4","2080 B.S","4 Anna",100000,"Kathmandu, Mid-Baneshwor"
"13","6","4","2081","3 Ana 3 Paisa","42500000","Sital Height, Lalitpur"
"13","6","3","2079 B.S.","6.2 Anna","52500000","Kathmandu,Naikap"
"13","7","6","2081 B.S.","4 anna 2 daam","39500000","Lalitpur,Imadol"
"13","5","6","2081 B.S.","3 Anna 3 Paisa","32500000","Lalitpur,Imadol"
"16","10","6","2076 B.S","6 Anna","43500000","Kathmandu, LRI"
"13","5","4","2079 B.S.","3 aana 1 paisa 1 daam",31000000,"Kathmandu,Gurjudhara"
"16","2","2",,"16 aana",9500000,"Kathmandu,Basantapur"